Tanqueray,Domestic,Fever Tree Mediterranean,Lime,1
Tanqueray,Imported,Thomas Henry,Lime,2
Haswell,Domestic,Fever Tree Mediterranean,Lemon,3
Haswell,Imported,1724,Lime,4
Sipsmith,Domestic,Fever Tree Indian,Lime,5
Sipsmith,Imported,Indi,Lemon,6
Sipsmith VJOP,Domestic,Fenitmans,Lemon,7
Sipsmith VJOP,Imported,Indi,Lemon,8
Whitley Neill,Domestic,Fenitmans,Lime,9
Whitley Neill,Imported,1724,Lemon,10
Beefeater,Domestic,Fever Tree Indian,Lemon,11
Beefeater,Imported,Indi,Lemon,12
Beeferater 24,Domestic,Fever Tree Mediterranean,Lemon,13
Beeferater 24,Imported,Indi,Lemon,14
Bloom,Domestic,Fever Tree Indian,Lemon,15
Bloom,Imported,Indi,Lime,16
Bombay Saphire,Domestic,Fever Tree Mediterranean,Lime,17
Bombay Saphire,Imported,Abbondio,Lime,18
Tanqueray Ten,Domestic,Fenitmans,Lime,19
Tanqueray Ten,Imported,Abbondio,Lemon,20
Plymouth,Domestic,Schweppes,Lime,21
Plymouth,Imported,Indi,Lemon,22
Junipero,Domestic,Schweppes,Lime,23
Junipero,Imported,Thomas Henry,Lime,24
Portobello Star,Domestic,Fever Tree Mediterranean,Lemon,25
Portobello Star,Imported,Indi,Lime,26
Boodles,Domestic,Fenitmans,Lemon,27
Boodles,Imported,1724,Lemon,28
Langtons,Domestic,Fever Tree Indian,Lemon,29
Langtons,Imported,Thomas Henry,Lime,30
SW4,Domestic,Fever Tree Indian,Lime,31
SW4,Imported,Indi,Lime,32
Millers,Domestic,Fenitmans,Lime,33
Millers,Imported,Indi,Lime,34
Millers Westbourne,Domestic,Fever Tree Mediterranean,Lime,35
Millers Westbourne,Imported,Indi,Lime,36
Old Raj,Domestic,Fenitmans,Lime,37
Old Raj,Imported,Thomas Henry,Lime,38
Distillery No 209,Domestic,Fever Tree Mediterranean,Lemon,39
Distillery No 209,Imported,Indi,Lemon,40
No 3,Domestic,Fever Tree Mediterranean,Lime,41
No 3,Imported,Abbondio,Lime,42
Haymans,Domestic,Schweppes,Lime,43
Haymans,Imported,1724,Lime,44
